"4","Abhidharma Sangrahaya","1","1","9558663204","1","2024-10-14 12:07:19","2024-10-14 12:11:52",\N
"5","Nirvana Vinishchaya","1","1","9558663239","1","2024-10-14 12:33:41",\N,\N
"6","Chaththaalisakara Maha Vipassana Bhavanava","2","1","9558663182","1","2024-10-14 12:34:36",\N,\N
"7","Entrance to Buddhism","1","2","290","3","2024-10-14 12:49:58",\N,\N
"8","Sathva kriyakarithvaya","2","3","9559352024","1","2024-10-14 12:50:59",\N,\N
"9","The Buddha and his Teachings","1","4","260","1","2024-10-14 12:52:23",\N,\N
"10","Godiva pahak allaganima ","2","3","290","1","2024-10-14 13:20:31",\N,\N
"11","Nirvana vinishchaya","2","1","9558663239","1","2025-02-08 23:34:43",\N,\N
"12","Seelanussathiyen opavana seelaya","1","3","9789556630428","1","2025-02-08 23:36:21",\N,\N
"13","Abhidharmartha sangrahaya","2","1","9558663204","1","2025-02-08 23:37:28",\N,\N
"14","Chathtalisakara Vipassana Bhavanava","3","1","9558663182","1","2025-02-08 23:38:36",\N,\N
"15","Sathva kriyakarithvaya","1","3","9559352024","1","2025-02-08 23:47:48",\N,\N
"16","Sathi pattana bhavana vivechanaya saha thavath kruthi","3","1","9558663271","1","2025-02-09 05:39:12",\N,\N
"17","Saya palaka athivana sanyojana dakinna","3","3","9558873862","1","2025-02-09 05:41:55",\N,\N
"19","The Dalai Lama's book of wisdom","2","7","9780712604574","1","2025-03-20 02:21:41",\N,\N
"20","Living Dhamma","2","11","1212121212","1","2025-03-20 02:33:05",\N,\N
"21","Sathiyata hasuvana sitha","8","14","9558873373","1","2025-03-20 02:47:14",\N,\N
"24","The Dhammapada : Pali text and translation with stories in brief and notes.","11","17","","1","2025-03-23 09:26:54",\N,"210"
"25","Vanchaka dharma ha chiththopaklesha dharma","2","1","9558663131","1","2025-03-23 09:31:09",\N,"210"
"26","The magic of the mind : an exposition of the Kalakarama sutta","8","18","9551255097","1","2025-03-23 09:34:10",\N,"270 NAN"
"27","The seven factors of enlightenment","12","19","9789554418219","1","2025-03-23 09:37:11",\N,"290"
"28","Mage bana potha","13","20","9558540315","1","2025-03-23 09:39:58",\N,"270"
"29","The three boys: And other buddhist folktales from Tibet.","14","21","9788178223513","1","2025-03-23 09:43:32",\N,""
"30","Food for the thinking mind","2","22","967992078x","4","2025-03-25 02:56:35",\N,"edit"
"31","The tree of Enlightenment : An introduction to The major Traditions of buddha","1","23","edit","2","2025-03-25 03:08:11","2025-04-10 07:20:47","edit"
"32","The tree of Enlightenment : An Introduction to Major Traditions of Buddhism","1","1","edit","0","2025-03-25 03:11:01","2025-03-26 09:17:27",""
"33","The tree of Enlightenment : An Introduction to The Major Traditions of Buddhism","1","1","edit","1","2025-03-25 03:14:11","2025-03-26 09:17:27","edit"
"34","Abhidhamma in daily life","2","24","edit","1","2025-03-25 03:18:53",\N,"edit"
"35","Great Patient One","1","25","edit","1","2025-03-25 03:38:39","2025-03-26 09:13:15","edit"
"36","Meditation ","3","26","978955240944","1","2025-03-25 03:41:54",\N,"edit"
"37","The greatest man who ever lived","1","27","9810402821","1","2025-03-25 03:46:39","2025-03-26 09:13:15","edit"
"38","Meatless Indian cooking","15","28","1559586907","1","2025-03-25 03:50:58",\N,"edit"
"39","Finding the missing peace","1","29","9781784321161","3","2025-03-25 03:53:30","2025-03-26 09:13:15","edit"
"40","Bodhinyana","1","1","edit","1","2025-03-25 04:23:25","2025-03-26 09:17:27","edit"
"43","Buddhist meditation : The way to inner calm and clarity","1","31","edit","1","2025-03-25 04:45:36","2025-03-26 09:13:15","edit"
"44","Gems of Buddhist wisdom","13","32","9679920674","1","2025-03-25 05:05:04",\N,"edit"
"45","Parami : Ways to cross life's floods","2","33","edit","1","2025-03-25 05:08:40",\N,"edit"
"46","Buddhist Meditation : The way to inner calm clarity","1","31","edit","1","2025-03-25 05:10:35","2025-03-26 09:13:15","edit"
"50","You and your problems","17","36","9834007124","1","2025-03-28 05:30:08",\N,"edit"
"52","Parami : Ways to cross life's floods","19","38","edit","1","2025-03-28 05:48:30",\N,"edit"
"53","Seeing the way","9","39","978095611325","1","2025-03-28 06:07:35",\N,"edit"
"54","Finding the missing peace","20","11","9781784321161","3","2025-03-28 06:11:38","2025-03-28 06:12:10","edit"
"55","The greatest man who ever lived : The supreme buddha","21","40","9810402821","1","2025-03-28 06:17:47",\N,"edit"
"56","Great patient one","22","25","edit","1","2025-03-28 06:20:24",\N,"edit"
"57","Meditation ","23","26","978955240944","1","2025-03-28 06:22:54",\N,"edit"
"58","Abhidhamma in daily life","24","24","edit","1","2025-03-28 06:26:00",\N,"edit"
"59","The tree of enlightenment : An introduction to major traditions of the buddhism","25","41","edit","1","2025-03-28 06:33:32",\N,"edit"
"60","Food for the thinking mind","26","34","976992078x","6","2025-03-28 06:41:18","2025-04-10 07:21:42","edit"
"61","Three teachings","27","42","edit","1","2025-03-28 06:55:39",\N,"edit"
"62","Kamma and the end of kamma","28","38","edit","1","2025-03-28 06:58:14",\N,"edit"
"63","Gift he left behind","29","43","edit","1","2025-03-28 07:01:51",\N,"edit"
"64","Bodhipakshika dharma vistharaya","30","44","9558663123","1","2025-03-28 07:06:03",\N,"edit"
"65","Budu dahame adyathmaya (Alawaka sutta)","31","45","978958414279","1","2025-03-28 07:11:52",\N,"edit"
"66","Maranaya pilibanda bauddha parikalpanawa","6","46","9552402816","1","2025-03-28 07:18:31",\N,"edit"
"67","Karma wipaka","2","47","edit","1","2025-03-28 07:32:45",\N,"edit"
"68","The Dalai lama's book of the wisdom :Insight on daily living,compassition and justice","19","48","9780712604574","1","2025-03-28 07:37:52",\N,"edit"
"69","Simple teachings on higher truths","3","49","9789746609982","1","2025-03-28 07:40:20",\N,"edit"
"70","In simple terms","2","26","edit","1","2025-03-28 07:42:47",\N,"edit"
"71","Island of Light : Buddhism in Sri Lanka","21","50","9789810826666","1","2025-03-28 09:05:52",\N,"edit"
"72","Family First ","32","51","9780743264938","1","2025-03-28 09:11:37",\N,"edit"
"73","An open heart","21","52","0316989797","1","2025-03-28 09:24:59",\N,"edit"
"74","Merit","21","53","edit","1","2025-03-28 09:29:49",\N,"edit"
"75","Awakening","21","54","edit","1","2025-03-28 09:34:40",\N,"edit"
"76","Arahattamagga Arahattapala","11","55","9749310012","1","2025-03-28 09:42:36",\N,"edit"
"77","Laba sathkara Kirthi Prasansa","33","56","edit","1","2025-03-28 11:50:02",\N,"edit"
"78","Atamasthana saha Solosmasthana","34","57","edit","1","2025-03-28 11:54:44",\N,"edit"
"79","Athma Abhimanaya Wardhanaya Karagatha Haki Maga","35","58","9559008722","1","2025-03-28 11:59:36",\N,"edit"
"80","Was wisima saha kathina chiwara maha poojawa","36","59","edit","1","2025-03-28 12:04:00",\N,"edit"
"81","Saptha visuddhiya saha Vidarshana gnana","37","60","edit","4","2025-03-28 12:10:19","2025-03-28 12:10:42","edit"
"82","Ideal Solitude","38","61","9789551255312","1","2025-03-28 12:14:59",\N,"edit"
"83","Venerable Acariya Mun Bhuridatta Thera","39","62","9749200748","1","2025-03-28 12:27:09",\N,"edit"
"84","Dealing With Life's Issues: A Buddhist Perspective","40","63","9789810593957","1","2025-03-28 12:37:26",\N,"edit"
"85","The Low of dependent arising","41","64","9789554149762","2","2025-03-28 12:41:47",\N,"edit"
"86","The Deliverance of the heart","42","65","978955414955","1","2025-03-28 12:51:11",\N,"edit"
"87","Walk to nibbana","3","66","9789554149748","1","2025-03-28 12:55:53",\N,"edit"
"88","From Topsy-turvydom","3","67","9551255003","2","2025-03-28 12:59:17","2025-03-28 13:00:23","edit"
"89","The end of the world: In Buddhist Perspective","1","68","9789554149717","1","2025-03-28 13:09:10",\N,"edit"
"90","Towards a better world: Lo wada sangarawa","43","69","9551255046","2","2025-03-28 13:13:52",\N,"edit"
"91","Samyutta nikaya: An anthology with notes","19","70","9789551255268","1","2025-03-28 13:18:21",\N,"edit"
"92","Seeing through: A guide to insight meditation","3","71","9789551255237","1","2025-03-28 13:23:56",\N,"edit"
"93","Now is the knowing","3","72","9780956811356","1","2025-03-28 13:27:56",\N,"edit"
"94","Gifts he left behind","3","73","edit","1","2025-03-28 13:46:15",\N,"edit"
"95","Gratitude: To those who have helped us","44","74","edit","1","2025-03-28 13:48:26",\N,"edit"
"96","Buddhism: The Wisdom of Compassion and Awakening","45","75","edit","1","2025-03-28 13:52:39",\N,"edit"
"97","Living Dhamma","2","76","edit","1","2025-03-28 13:56:46",\N,"edit"
"98","Sathiyata hasuwana sitha","3","77","9558873373","1","2025-03-28 13:59:54",\N,"edit"
"99","Now is the knowing","46","78","9780956811356","1","2025-04-08 22:47:49",\N,"edit"
"100","Ethi hati dekma","47","79","9551255119","1","2025-04-08 22:54:30",\N,"edit"
"101","Towards a better world: Lo-wada sangarawa","43","80","95512551199551255046","2","2025-04-08 22:59:49",\N,"edit"
"102","The end of the world: In Buddhist perspective","48","81","978955149717","1","2025-04-08 23:02:35",\N,"edit"
"103","From topsy-turvydom to wisdom","49","82","9551255003","2","2025-04-08 23:05:12",\N,"edit"
"104","Walk to nibbana","50","83","978955419748","1","2025-04-08 23:07:26",\N,"edit"
"105","The deliverance of the heart: through universal love","51","84","978955414975","1","2025-04-08 23:10:03",\N,"edit"
"106","The low of dependent arising: The secret of bondage and release","52","85","9789554149762","2","2025-04-08 23:12:31",\N,"edit"
"107","Dealing with life's issues: A Buddhist perspective","53","86","9789810593957","1","2025-04-08 23:21:14",\N,"edit"
"108","Ven.Acariya mun bhuridatta thera: A spiritual biography","54","87","9749200748","1","2025-04-08 23:24:59",\N,"edit"
"109","Ideal solitude","55","88","9789551255312","1","2025-04-08 23:30:02",\N,"edit"
"110","Yogawachara jiwithayata kamatahan bana","56","89","edit","4","2025-04-08 23:34:57",\N,"edit"
"111","was wisima saha kathina chiwara maha poojawa","57","90","edit","1","2025-04-08 23:38:09",\N,"edit"
"112","Athama abhimanaya wardhanaya karagatha haki maga","58","91","9559008722","1","2025-04-08 23:43:39",\N,"edit"
"113","Atamasthana saha solosmasthana","59","92","edit","1","2025-04-08 23:50:37",\N,"edit"
"114","Laba sathkara keerthi prashansa","60","93","edit","1","2025-04-08 23:53:58",\N,"edit"
"115","Uncommon Wisdom: Life and teachings of Ajaan pannavaddo","61","94","9781495115196","2","2025-04-09 07:18:41","2025-04-09 07:59:44","edit"
"116","Contemplations on the seven factors of awakening","3","95","9781908444219","1","2025-04-09 07:34:09",\N,"edit"
"117","To one that feels","39","96","9748495884","1","2025-04-09 07:58:06",\N,"edit"
"118","Planting Dhamma Seeds: The emergence of Buddhism in Africa","21","97","9789832515982","1","2025-04-09 08:04:52",\N,"edit"
"119","Entrance to Buddhism","33","98","edit","1","2025-04-09 08:09:22",\N,"edit"
"120","The Debate of King Milinda","21","99","edit","7","2025-04-09 08:18:34","2025-04-10 01:34:42","edit"
"121","A Pictorial Biography of Sakyamuni buddha","33","100","edit","5","2025-04-09 08:22:26","2025-04-10 02:10:05","edit"
"122","Jeevithayama Bhawanawaki","3","101","9789554877078","6","2025-04-09 08:34:13",\N,"edit"
"123","Sri Shakyamunindrawadana Mahakavya","43","102","9789554995116","2","2025-04-09 08:37:12",\N,"edit"
"124","Mula novi Niwanata","3","103","edit","1","2025-04-09 08:39:39",\N,"edit"
"125","Parami hewath dasa perumdam","11","104","edit","3","2025-04-09 08:41:02",\N,"edit"
"126","Athmawadaya saha patichchasamuppannawadaya","11","105","edit","6","2025-04-09 08:51:20",\N,"edit"
"127","Mula novi niwanata","11","106","edit","1","2025-04-09 08:55:20",\N,"edit"
"128","On love","11","107","9786169119050","1","2025-04-09 09:00:46",\N,"edit"
"129","Nibbana - The mind stilled","3","108","9789551255336","1","2025-04-09 09:26:18",\N,"edit"
"130","Nibbana and the fire simile","11","109","9789551255374","1","2025-04-09 09:27:52",\N,"edit"
"131","From topsy-turvydom to Wisdom","11","110","9551255003","1","2025-04-09 09:31:31",\N,"edit"
"132","Samyutta Nikaya: An anthology with notes","21","111","9789551255268","1","2025-04-09 09:38:42",\N,"edit"
"133","Dependent Origination Dependent Liberation","21","112","edit","1","2025-04-09 10:58:00",\N,"edit"
"134","The Dhammapada","11","104","edit","2","2025-04-09 11:01:12","2025-04-10 08:04:05","edit"
"135","A Dhammapada for contemplation","11","113","edit","1","2025-04-09 11:04:51",\N,"edit"
"136","Good question Good answer","19","114","9789810727161","1","2025-04-09 11:07:54",\N,"edit"
"137","A Guide to Buddhism A to Z","21","115","978981112393","1","2025-04-09 11:10:03",\N,"edit"
"138","The view from the west: An Australian Monk looks at Buddhism","21","116","9789811174858","2","2025-04-09 11:13:24","2025-04-09 11:14:16","edit"
"139","You and your problems","33","117","9834007124","1","2025-04-09 11:16:21",\N,"edit"
"140","Paramitha prakaranaya","11","118","9558663069","1","2025-04-09 12:12:39",\N,"edit"
"141","Present moment wonderful moment","12","119","8176210064","1","2025-04-09 12:15:28",\N,"edit"
"142","From topsy Turvydom to Wisdom","1","120","9551255003","1","2025-04-09 12:18:53",\N,"edit"
"143","Now is the knowing","11","121","edit","1","2025-04-09 12:22:24",\N,"edit"
"144","Anapanasathi Suthraya: Majjhima nikaya","3","122","9789554877092","1","2025-04-09 12:24:49",\N,"edit"
"145","Abhidharmaye mulika karunu","1","1","9558663077","1","2025-04-09 12:27:12",\N,"edit"
"146","Vipassanawa pelagasma","3","123","edit","1","2025-04-09 12:29:51",\N,"edit"
"147","Yogawachara marga upadeshanaya","3","124","edit","1","2025-04-09 12:32:05",\N,"edit"
"148","Budu dahame adyathmaya: Meghiya suthraya","1","125","edit","1","2025-04-09 12:34:45",\N,"edit"
"149","Girimananda suthraya","21","126","edit","1","2025-04-09 12:37:39",\N,"edit"
"150","Vidarshana Bhavana Kramaya","62","127","9558663026","1","2025-04-09 23:52:14",\N,"edit"
"151","Punyopadesha","63","128","955866314X","1","2025-04-09 23:53:37",\N,"edit"
"152","You & Your Problems","64","129","9834007124","3","2025-04-09 23:56:15",\N,"edit"
"153","No worries","65","130","9749332490","2","2025-04-09 23:59:51","2025-04-10 11:35:18","edit"
"154","Dhammapada Saraya","66","131","edit","1","2025-04-10 00:02:28",\N,"edit"
"155","Sotapattimagga","67","132","edit","1","2025-04-10 00:04:50",\N,"edit"
"156","The Dhamma and the real World","68","133","9781784320454","1","2025-04-10 00:22:34",\N,"edit"
"157","Anapanasathiya saha Chathudhathumanasikaraya","69","134","edit","1","2025-04-10 00:25:34",\N,"edit"
"158","Saptha Vishuddhiya ha vidarshana gnana","70","135","edit","1","2025-04-10 00:28:26",\N,"edit"
"159","Adyathmika nyaya","71","136","9789557214023","1","2025-04-10 00:30:46",\N,"edit"
"160","Yogawachara marga upadeshanaya","72","124","edit","1","2025-04-10 00:40:04",\N,"edit"
"161","Sitha thula athi nirwanaya","73","137","9551451198","1","2025-04-10 00:42:03",\N,"edit"
"162","Niwanak awashya kumak sandahada","74","138","edit","1","2025-04-10 00:50:00",\N,"edit"
"163","Samadhiya wadana vita","75","139","9558129321","1","2025-04-10 01:05:04",\N,"edit"
"164","The way to peace and happiness","76","140","9559219685","1","2025-04-10 01:18:59",\N,"edit"
"165","Shasanawatharanaya","77","141","9558663115","1","2025-04-10 01:21:21",\N,"edit"
"166","Bauddhayage Athpotha","78","142","9558663034","1","2025-04-10 01:22:50",\N,"edit"
"167","Anapanasathi Deshanawa","79","143","edit","1","2025-04-10 01:25:06",\N,"edit"
"168","Chathurarya Sathyaya","80","144","9558663018","1","2025-04-10 01:27:15",\N,"edit"
"169","Venerable Acariya Mun Bhuridatta Thera","81","145","9749200748","3","2025-04-10 01:30:18","2025-04-10 07:19:23","edit"
"170","Samana","82","146","9789744966636","1","2025-04-10 01:33:20",\N,"edit"
"171","Sambodhi","19","147","edit","1","2025-04-10 02:14:30",\N,"edit"
"172","The Buddha Book","19","148","0007174861","1","2025-04-10 02:17:10",\N,"edit"
"173","One Fish Two Fish Red Fish Blue Fish","83","149","100007158560","1","2025-04-10 02:43:34",\N,"edit"
"174","Niwana-8","11","150","9559561189","1","2025-04-10 02:46:21",\N,"edit"
"175","A Complete Book of School","84","151","edit","1","2025-04-10 02:50:03",\N,"edit"
"176","Me Ape Urumayayi","85","152","9789554850385","1","2025-04-10 02:52:55",\N,"edit"
"177","Finding the missing Peace","86","153","9781784321161","1","2025-04-10 07:15:44",\N,"edit"
"178","Gems of Buddhist Wisdom","87","154","9679920096","1","2025-04-10 07:17:57",\N,"edit"
"179","Nyanaponika a hundred years from birth","88","155","edit","1","2025-04-10 07:24:05",\N,"edit"
"180","Venerable Ajaan Khao Analayo","89","156","9749496221","1","2025-04-10 07:27:55",\N,"edit"
"181","Roots and Currents","90","157","9781784320447","1","2025-04-10 07:30:07",\N,"edit"
"182","Vipassana: A Universal Buddhist Technique Of Meditation","91","158","8170306124","1","2025-04-10 08:14:48",\N,"edit"
"183","More Sayings of the Buddha - And Other Masters","92","159","9781921596766","1","2025-04-10 08:23:02",\N,"edit"
"184","A Taste of freedom","93","160","edit","1","2025-04-10 08:25:53",\N,"edit"
"185","Venerable Father: A Life with ajahn Chah","94","161","9748907287","2","2025-04-10 08:30:08",\N,"edit"
"186","A Tree in a forest: A collection of Ajahn chah's similes","95","162","9789744990181","1","2025-04-10 08:37:56",\N,"edit    "
"187","Mindfulness In Plain English","96","163","edit","1","2025-04-10 08:42:39",\N,"edit    "
"188","Undaunted","97","164","edit","1","2025-04-10 10:57:29",\N,"edit    "
"189","The little green grammar book","98","165","978086840919","1","2025-04-10 11:00:19",\N,"edit    "
"190","The art of happiness","99","166","1573221112","1","2025-04-10 11:03:54",\N,"edit    "
"191","Fleeting Moment","100","167","edit","1","2025-04-10 11:54:24",\N,"edit"
"192","On Meditation: Instruction from talks on developing formal meditation","101","168","9780956811363","1","2025-04-10 11:57:22",\N,"edit    "
"193","Bhaddekaratta sutta: Liberation teachings on an ideal seclusion","102","169","edit","1","2025-04-10 12:02:22",\N,"edit    "
"194","Living Dhamma","103","170","edit","1","2025-04-10 12:04:00",\N,"edit"
"195","Arahattamagga Arahattaphala","3","171","9749310012","1","2025-04-10 12:06:11",\N,"edit    "
"196","this is the path","3","172","edit","1","2025-04-10 12:07:43",\N,"edit    "
"197","The tree suttas narasiha gatha and jayamangala gatha","21","173","9559528262","1","2025-04-10 12:20:29",\N,"edit    "
"198","Sigalovada sutta: Code of discipline for lay Buddhist","11","174","9558540048","1","2025-04-10 12:25:19",\N,"edit    "
"199","Karma and Rebirth","11","175","955887311X","1","2025-04-10 12:26:40",\N,"edit    "
"200","Only we can help ourselves","11","176","edit","2","2025-04-10 12:31:00","2025-04-11 23:36:44","edit    "
"201","what is Truth?: The quest for truth","33","177","edit","1","2025-04-10 12:35:52",\N,"edit"
"202","Ideal Solitude","21","178","9789551256312","1","2025-04-10 12:38:29",\N,"edit    "
"203","King Solomon's Mines","104","179","1855345064","1","2025-04-10 12:43:22",\N,"edit    "
"204","Buddhism in the eyes of intellectuals","105","180","9679920577","1","2025-04-11 11:01:24",\N,"edit    "
"205","What is Buddhism","106","181","edit","1","2025-04-11 11:03:10",\N,"edit"
"206","Buddhism: A living message","107","182","edit","2","2025-04-11 11:05:37","2025-04-11 11:32:43","edit"
"207","A Dhammapada for contemplation","108","183","edit","1","2025-04-11 11:29:33",\N,"edit    "
"208","Bosat","109","184","edit","1","2025-04-11 11:31:24",\N,"edit"
"209","Thought: Think a fresh","110","185","edit","1","2025-04-11 11:35:04",\N,"edit"
"210","Awareness Itself","111","186","edit","1","2025-04-11 11:38:00",\N,"edit"
"211","Peace and kindness","112","187","edit","1","2025-04-11 11:40:53",\N,"edit"
"212","A direct approach to Buddhadharma","113","188","edit","1","2025-04-11 11:43:19",\N,"edit    "
"213","Liberation: relevance of Sutta-vinaya","112","189","edit","1","2025-04-11 11:45:17",\N,"edit    "
"214","To one that feels","114","190","edit","1","2025-04-11 22:34:23",\N,"edit    "
"215","Stillness of the truth","64","191","edit","1","2025-04-11 22:37:36",\N,"edit    "
"216","Maha Kassapa: Father of the sangha","81","192","edit","1","2025-04-11 22:42:21",\N,"edit"
"217","The 16 Dreams of king Pasenadi","64","193","edit","1","2025-04-11 22:48:37",\N,"edit    "
"218","Wisdom Develops Samadhi","3","62","9749325397","1","2025-04-11 22:53:08",\N,"edit    "
"219","Moral and Ethical Conduct of a Buddhist","2","22","edit","1","2025-04-11 22:57:35",\N,"edit    "
"220","What reality is","19","194","edit","1","2025-04-11 22:59:04",\N,"edit    "
"221","Prisoners of karma","63","195","edit","1","2025-04-11 23:00:34",\N,"edit    "
"222","Buddhism for the young and the restless","19","196","edit","1","2025-04-11 23:12:50",\N,"edit"
"223","Sathurata yatath nowana ma","115","197","9789555367905","1","2025-04-11 23:19:35",\N,"edit    "
"224","The Dhammapada: The Buddha's path of Wisdom","2","198","9789552401312","1","2025-04-11 23:23:20",\N,"edit    "
"225","King Solomon's Mines","116","179","1855345064","1","2025-04-11 23:29:06",\N,"edit    "
"226","Karma and rebirth","117","175","955887311X","1","2025-04-11 23:38:28",\N,"edit    "
"227","Things as they are","64","199","edit","1","2025-04-11 23:45:50",\N,"edit    "
"228","A taste of freedom","19","26","edit","1","2025-04-11 23:49:33",\N,"edit    "
"229","The bible tried tested triumphant","118","200","edit","1","2025-04-11 23:53:58",\N,"edit"
"230","Meditations of a Tibetan Tantric Abbot","19","201","1559391588","1","2025-04-11 23:56:36",\N,"edit    "
"231","Jesus News for today","119","202","0647507161","1","2025-04-12 00:00:41",\N,"edit    "
"232","Good News Australia","118","202","0647163268","1","2025-04-12 00:03:38",\N,"edit    "
"233","Practising the Dhamma with a view to Nibbana","3","203","edit","1","2025-04-12 00:07:16",\N,"edit    "
"234","The word of the Buddha","19","204","9552402177","1","2025-04-12 00:09:27",\N,"edit    "
"235","Understanding Buddhism","19","205","edit","1","2025-04-12 00:10:45",\N,"edit    "
"236","The four noble truth","2","206","1870205103","1","2025-04-12 00:13:39",\N,"edit    "
"237","The art of loving","120","207","1855385058","1","2025-04-12 00:15:56",\N,"edit    "
"238","Introduction to insight Meditation","3","208","9781870205467","1","2025-04-12 22:16:53",\N,"edit"
"239","Clarity and Calm for Busy people","2","209","edit","1","2025-04-12 22:21:22",\N,"edit    "
"240","Don't push ","3","210","edit","1","2025-04-12 22:25:34",\N,"edit    "
"241","The Buddha: As a master mind The Buddha's dynamic path","2","31","edit","1","2025-04-12 22:28:58",\N,"edit    "
"242","Introduction to insight meditation","121","211","9781870205467","1","2025-04-21 04:37:11",\N,"edit    "
"243","Essential teachings","122","212","9833512143","1","2025-04-21 04:39:48",\N,"edit    "
"244","The state funeral of Luang por chah","123","213","edit","1","2025-04-21 04:41:54",\N,"edit    "
"245","The Buddhaas a master mind the Buddha's dynamic path","124","214","edit","1","2025-04-21 04:43:27",\N,"edit"
"246","Don't push: Just use the wait of your own body","93","29","edit","1","2025-04-21 04:45:36",\N,"edit    "
"247","Clarity and calm","125","215","edit","2","2025-04-21 04:46:35","2025-04-21 04:47:03","edit    "
"248","Introduction to insight meditation","126","216","1870205030","3","2025-04-21 04:49:19","2025-04-21 04:56:41","edit    "
"249","Dhammapada for contemplation","11","217","edit","3","2025-04-21 04:50:46","2025-04-21 04:53:10","edit    "
"250","A life of blessings","2","218","edit","1","2025-04-21 04:53:01",\N,"edit"
"251","A Buddhist reflection","17","219","9742183376","1","2025-04-21 04:55:02",\N,"edit"
"252","Reflection from emptiness","11","220","edit","1","2025-04-21 04:56:14",\N,"edit    "
"253","The perfect charm ","127","221","edit","3","2025-04-21 04:58:13","2025-04-21 05:06:38","edit"
"254","Mindfulness precepts and crashing in the same car","3","107","edit","2","2025-04-21 04:59:42",\N,"edit    "
"255","The Buddhist Way","11","222","edit","1","2025-04-21 05:01:55",\N,"edit    "
"256","Buddhism a living message","2","223","edit","1","2025-04-21 05:03:04",\N,"edit    "
"257","Anyone can go to heaven Just be good","2","224","edit","1","2025-04-21 05:04:46",\N,"edit    "
"258","How to practise Buddhism ","2","225","7969920534","1","2025-04-21 05:06:16",\N,"edit"
"259","The Dalai Lama's Book of Wisdom ","19","226","072253955X","1","2025-04-21 05:08:15",\N,"edit"
"260","IS it wrong to be ambitious","21","227","edit","1","2025-04-21 05:09:06",\N,"edit    "
"261","Anapanasati: Meditation on breathing","3","228","edit","1","2025-04-21 05:49:31",\N,"edit"
"262","Heart of Buddha","19","229","edit","1","2025-04-21 05:50:49",\N,"edit"
"263","Self liberation ","116","230","1559391448","1","2025-04-21 05:52:37",\N,"edit    "
"264","Human life and problems","2","231","9679920739","1","2025-04-21 05:53:41",\N,"edit    "
"265","Aspects of early Buddhist: sociological Thought","19","232","9810405553","1","2025-04-21 05:55:14",\N,"edit    "
"266","Karma vipaka","11","233","edit","1","2025-04-21 12:00:35",\N,"edit"
"267","Wasunu niwan dora viwara kara ganimu","2","234","9789559828228","1","2025-04-21 12:02:08",\N,"edit    "
"268","Susumaka wimasuma niwanaka arambuma","3","235","9789556870022","1","2025-04-21 12:05:33",\N,"edit    "
"269","Encyclopedia of space","128","236","9781786173294","1","2025-04-21 12:08:07",\N,"edit    "
"270","Bauddha bhawana pilibanda gataluwalata pilithuru","3","237","9789555251327","1","2025-04-21 12:09:53",\N,"edit    "
"271","Misaditu bindina handa","11","238","edit","1","2025-04-21 12:11:06",\N,"edit    "
"272","Dewlowa saha deviwaru","11","239","9789553070081","1","2025-04-21 12:14:20",\N,"edit    "
"273","Sundara gamanak yamu","11","235","edit","1","2025-04-21 12:16:08",\N,"edit    "
"274","Abhinikmana ","129","240","955125502X","1","2025-04-21 22:54:02",\N,"edit    "
"275","Bhawana margaya","130","241","9789551255367","1","2025-04-21 22:55:28",\N,"edit    "
"276","Sumana saman deyiyo","131","242","9559602128","1","2025-04-21 22:56:22",\N,"edit    "
"277","Bodhignana: Acahn cha deshana","132","243","9552402433","1","2025-04-21 22:58:15",\N,"edit    "
"278","Pahan kanuwa dharma deshana","133","244","9789551255251","1","2025-04-21 22:59:22",\N,"edit    "
"279","Patichchasamuppada Dharmaya: 4","2","245","9789554149731","1","2025-04-21 23:00:50","2025-04-21 23:02:03","edit    "
"280","Patichchasamuppada dharmaya: 2","2","246","9789551255503","1","2025-04-21 23:01:52",\N,"edit"
"281","Sasun piliwetha","19","108","9789551255381","1","2025-04-21 23:02:50",\N,"edit    "
"282","Mapiya uwatana","2","64","9551255100","1","2025-04-21 23:03:35",\N,"edit    "
"283","Abhinikmana","19","247","955125502X","1","2025-04-21 23:04:19",\N,"edit    "
"284","Sakmane niwana","21","64","9789551255480","1","2025-04-21 23:05:13",\N,"edit    "
"285","Widasun Upades","3","64","9558832200","1","2025-04-21 23:05:52",\N,"edit    "
"286","Pawathma ha Nawathma","2","64","9551255127","1","2025-04-21 23:06:31",\N,"edit    "
"287","Karma chakrayen Dharma chakrayata","2","64","9789551255473","1","2025-04-21 23:07:19",\N,"edit    "
"288","Uththarithara Hudakalawa","21","64","9558832197","1","2025-04-21 23:08:04",\N,"edit    "
"289","Kaye kathawa","21","64","9789551255459","1","2025-04-21 23:08:40",\N,"edit    "
"290","Sakmane Niwana","19","64","9789551255480","1","2025-04-21 23:09:16",\N,"edit    "
"291","Pahan kanuwa Dharma deshana: 9","2","64","95512550602","1","2025-04-21 23:10:09",\N,"edit    "
"292","Sammaditthi suthraya","127","248","9781500533458","1","2025-04-21 23:11:18",\N,"edit    "
"293","Mae Chee Kaew","39","249","9786119020504","1","2025-04-21 23:13:11",\N,"edit    "
"294","Nibbedhika suthraya","127","250","9786249512917","1","2025-04-21 23:14:09",\N,"edit    "
"295","Bosath owadan","2","251","edit","2","2025-04-21 23:14:59",\N,"edit    "
"296","Bojjhanga: The Buddhist way of enhancing health","127","252","edit","1","2025-04-21 23:17:01",\N,"edit    "
"297","Amagangula Sadaham Eliya","2","253","9789556616323","1","2025-04-21 23:18:24",\N,"edit    "
"298","Budu samaya pudgalaya ha samajaya","21","64","9789551255299","1","2025-04-21 23:19:40",\N,"edit    "
"299","Achchariya manusso","134","235","9786245524006","1","2025-04-24 06:03:25",\N,"edit    "
"300","Kosala Raja sihina ","135","254","edit","1","2025-04-24 06:04:21",\N,"edit    "
"301","Niwena maga","136","255","edit","1","2025-04-24 06:05:46",\N,"edit    "
"302","MAha gopalaka suthraya","137","256","edit","1","2025-04-24 06:07:03",\N,"edit    "
"303","Sothapaththi","138","257","9789551384067","1","2025-04-24 06:08:19",\N,"edit"
"304","Nuwana diyunuwana kramaya","139","258","edit","1","2025-04-24 11:33:29",\N,"edit"
"305","Sithata sahana dena budu bana","140","259","edit","1","2025-04-24 11:34:12",\N,"edit"
"306","Yogawacharopadeshaya","141","260","9789554877030","1","2025-04-24 11:35:11",\N,"edit"
"307","Wisdom","142","261","edit","1","2025-04-24 11:35:58",\N,"edit"
"308","MAma budu dahama dakina hati","143","262","edit","1","2025-04-24 11:36:52",\N,"edit    "
"309","Wimukthi sadaham pradipaya","144","263","edit","1","2025-04-24 11:37:45",\N,"edit"
"310","Wipassana deshana margaya","145","264","edit","1","2025-04-24 11:38:36",\N,"edit    "
"311","Maharahathun wadi maga osse 1","146","265","9789551118068","1","2025-04-24 11:40:32",\N,"edit    "
"312","Maharahathun wedi maga osse 2","147","266","9789551118075","2","2025-04-24 11:41:21",\N,"edit    "
"313","MAharahathun wedi maga osse 3","148","267","9789551118099","1","2025-04-24 11:42:09",\N,"edit    "
"314","Atharaman novimata","149","268","9789550614523","1","2025-04-24 11:42:53",\N,"edit    "
"315","Podi hamuduruwange bhawana satahan","150","269","9789553052292","1","2025-04-24 11:43:43",\N,"edit"
"316","Sansun manasakin noselena niwanata","151","270","9789553040961","1","2025-04-24 11:46:45",\N,"edit    "
"317","Atamasthanaya","152","271","edit","1","2025-04-24 11:48:20",\N,"edit    "
"318","Niwan dekimata maga pada genima saha roga walakwa genime uthum maga bhawanawa","153","272","edit","1","2025-04-24 11:49:41",\N,"edit    "
"319","Sadaham minimuthu","34","273","edit","1","2025-04-24 11:50:45",\N,"edit    "
"320","Sundara wu niwan maga ","19","274","edit","1","2025-04-24 11:51:32",\N,"edit    "
"321","The basic method of meditation ","3","275","edit","1","2025-04-24 11:53:21",\N,"edit"
"322","Malak wage oba pipenna 2000","2","276","edit","1","2025-04-24 11:54:17",\N,"edit"
"323","Lassana weeme keti maga","32","277","edit","1","2025-04-24 11:55:01",\N,"edit"
"324","Living meditation living insight","18","278","edit","1","2025-04-24 11:56:17",\N,"edit    "
"325","Budu samindu deka ganimu","19","235","edit","1","2025-04-24 11:56:57",\N,"edit    "
"326","Budubawa pathana balangoda Ananda maithreeya mahanahimi","39","279","9789559532812","1","2025-04-24 11:58:21",\N,"edit    "
"327","Silmatha kayiw","39","280","9789559098898","1","2025-04-24 11:59:51",\N,"edit"
"328","Somawathi budures wehera","21","281","edit","1","2025-04-24 12:00:54",\N,"edit    "
"329","Sathya soya yama","21","235","edit","1","2025-04-24 12:01:28",\N,"edit    "
"330","Aghatha patiwinaya suthraya","40","282","edit","1","2025-04-24 12:02:24",\N,"edit    "
"331","Widarshana bhawana","3","283","9558663026","1","2025-04-24 12:03:28",\N,"edit"
"332","Chiththa samadhi ","3","284","9789558189092","1","2025-04-24 12:04:04",\N,"edit    "
"333","Rogasuwayata bhawana","3","285","edit","1","2025-04-24 12:04:48",\N,"edit    "
"334","Obe sitha samaga pilisandarak","3","286","edit","1","2025-04-24 12:05:24",\N,"edit    "
"335","Niwanata maga kusal sithai","3","287","9555733686","1","2025-04-24 12:07:02",\N,"edit    "
"336","Lowthuru niwan maga","19","288","edit","1","2025-04-25 04:47:11",\N,"edit"
"337","Niwan maga ","19","253","9789556616064","1","2025-04-25 04:49:32",\N,"edit"
"338","Meththa","19","257","9789551384050","1","2025-04-25 04:57:10",\N,"edit    "
"339","Metherin etherata","19","289","9789556616026","1","2025-04-25 04:57:55",\N,"edit"
"340","sansara charika","19","238","edit","1","2025-04-25 04:58:40",\N,"edit"
"341","Sinhala Dhammapadaya","2","290","955210923X","1","2025-04-25 04:59:28",\N,"edit    "
"342","NIwannata bhawa giman Desu sadaham niwan","19","235","9789550614820","1","2025-04-25 05:00:26",\N,"edit"
"343","Sithathula athi nirwanaya","3","160","9551451198","1","2025-04-25 05:01:24",\N,"edit"
"344","Asha thula sirawunu sitha bhawanawen vimukthiyata","3","291","95565700701","1","2025-04-25 05:02:29",\N,"edit    "
"345","sebe basin mema setha salasewa","19","292","9789550614301","1","2025-04-25 05:03:25",\N,"edit    "
"346","Sithata ahara ","3","26","9552402395","1","2025-04-25 05:04:23",\N,"edit"
"347","Gihigei oba ai ","19","268","9789550614387","1","2025-04-25 05:05:07",\N,"edit    "
"348","Rahathunge dharma sakachcha","19","235","9789550614677","1","2025-04-25 05:05:47",\N,"edit    "
"349","Kiyannam senehasin miyanoyan his athin ","19","268","9789550614172","1","2025-04-25 05:06:31",\N,"edit    "
"350","Budu nethin dutu heta dawase lokaya","19","235","9789550614561","1","2025-04-25 05:07:10",\N,"edit    "
"351","Buddhuye hiru kirana ","19","235","9789550614837","1","2025-04-25 05:07:48",\N,"edit    "
"352","Manokaya saha maranaya","154","126","edit","2","2025-04-26 03:45:36","2025-04-26 03:45:50","edit    "
"353","Me mohotha oba sathuya","155","257","edit","1","2025-04-26 03:47:15",\N,"edit"
"354","Patichchasamuppadaya","2","64","9789553962607","1","2025-04-26 03:47:52",\N,"edit    "
"355","Keles Aekdahas Pansiya","2","128","9558663212","1","2025-04-26 03:48:37",\N,"edit    "
"356","Abhidharma margaya","2","44","9558663107","1","2025-04-26 03:49:12",\N,"edit    "
"357","Seeking Buddho","156","293","edit","1","2025-04-26 03:50:21",\N,"edit"
"358","Sithata suwa dena bhawana","3","235","9789550614264","2","2025-04-26 03:50:59","2025-04-26 04:00:15","edit    "
"359","Bhawana karana obata prashna uththara magin athwelak","3","125","edit","1","2025-04-26 03:52:01",\N,"edit    "
"360","The Anapanasati sutta","19","294","edit","1","2025-04-26 03:52:48",\N,"edit    "
"361","Sundara gamanak yamu","19","235","9789550614578","1","2025-04-26 03:53:26",\N,"edit    "
"362","Menna niyama dewaduthaya","19","235","edit","1","2025-04-26 03:54:17",\N,"edit    "
"363","Anapanasathi bhawanawa","3","60","edit","1","2025-04-26 03:54:48",\N,"edit    "
"364","Ledadukwalin athmidemu","19","235","edit","1","2025-04-26 03:55:16",\N,"edit    "
"365","Dethis maha purusha lakshana","19","295","edit","1","2025-04-26 03:56:08",\N,"edit    "
"366","Bindi: wildlife adventures","157","296","edit","1","2025-04-26 03:57:10",\N,"edit    "
"367","Manase pitara galim","158","297","9789550600830","1","2025-04-26 03:58:24","2025-04-26 03:59:58","edit    "
"368","Dukase vindina karma vipaka","2","235","9789556862119","1","2025-04-26 11:43:36",\N,"edit"
"369","Duk biya nathi jiwithaya","19","298","edit","1","2025-04-26 11:44:44",\N,"edit    "
"370","Parami hewath dasa perumdam","19","104","edit","1","2025-04-26 11:45:25",\N,"edit    "
"371","Suwanda padma","19","299","edit","1","2025-04-26 11:45:58",\N,"edit    "
"372","Badha jayagath magamai yahapath","19","235","9789550614356","1","2025-04-26 11:46:41",\N,"edit    "
"373","Podi hamuduruwange bhawana satahan","3","269","9789553052292","1","2025-04-26 11:47:56",\N,"edit    "
"374","Es theth kala mathaka ","159","300","9789554788398","1","2025-04-26 11:48:52",\N,"edit    "
"375","Kamsuwa athahera niwan suwayata","19","274","edit","2","2025-04-26 11:49:33",\N,"edit    "
"376","Jiwithaye awula liha ganimu","19","301","edit","1","2025-04-26 11:50:15",\N,"edit    "
"377","Sundara wu niwan maga","19","274","edit","1","2025-04-26 11:50:38",\N,"edit    "
"378","Maranaya abhiyasa oba","19","274","edit","1","2025-04-26 11:51:02",\N,"edit    "
"379","The wonderful noble uposathaya","19","274","edit","1","2025-04-26 11:51:45",\N,"edit    "
"380","moolika bhawana athpotha","3","302","edit","1","2025-04-26 11:52:52",\N,"edit    "
"381","Asirimath sambudu nuwana","19","235","9789550614066","1","2025-04-26 11:53:27",\N,"edit    "
"382","What buddha thought","19","303","edit","1","2025-04-26 11:54:10",\N,"edit    "
"383","Sakmana","19","304","9551569016","1","2025-04-26 11:54:47",\N,"edit    "
"384","Budu samaya anuwa yamu","19","305","9552401925","1","2025-04-26 11:55:26",\N,"edit    "
"385","Wesak lipi","19","213","edit","1","2025-04-26 11:55:58",\N,"edit    "
"386","Chathurarya sathya","2","141","9558663018","1","2025-04-26 11:56:43",\N,"edit    "
"387","Kopa nowannai metha pathurannai","19","282","edit","1","2025-04-26 11:57:16",\N,"edit    "
"388","Anne Perry","104","306","edit","1","2025-04-26 11:58:18",\N,"edit    "
"389","Gems of Buddhist wisdom ","19","184","6679920046","1","2025-04-26 12:03:58",\N,"edit    "
"390","A map of journey","19","307","9839439987","1","2025-04-26 12:05:10",\N,"edit    "
"391","The wheel of truth","19","72","9781784320041","1","2025-04-26 12:06:07",\N,"edit    "
"392","Nibbana the mind stilled","160","64","9559886428","7","2025-04-26 12:07:04","2025-04-26 12:08:35","edit    "
"393","The Worlds of Buddha","161","114","9789810717940","1","2025-04-26 12:07:57",\N,"edit    "
"394","Bright and shining mind in a disabled body","19","308","edit","1","2025-04-26 12:09:57",\N,"edit"
"395","Finding the missing peace","3","153","9781784321161","3","2025-04-26 12:10:46",\N,"edit    "
"396","The autobiography of a forest monk","19","309","edit","1","2025-04-26 12:12:53",\N,"edit    "
"397","A good question and good answer ","19","114","9789810727161","1","2025-04-26 12:13:59",\N,"edit    "
"398","Footprint in the dust: The life of the buddha from the most ancient sources","19","114","9789811840159","1","2025-04-26 12:15:44",\N,"edit    "
"399","The sound of silence ","3","72","9781784320034","1","2025-04-26 12:16:28",\N,"edit    "
"400","Parami: ways to cross life's floods  ","19","38","edit","1","2025-04-26 12:17:52",\N,"edit    "
"401","Dialogs on dhamma ","19","310","edit","1","2025-04-26 12:18:24",\N,"edit    "
"402","Straight from the heart","19","311","edit","1","2025-04-27 23:41:41",\N,"edit"
"403","Buddha dhamma for student","19","312","edit","1","2025-04-27 23:42:15",\N,"edit    "
"404","I Wonder why","19","313","edit","1","2025-04-27 23:43:03",\N,"edit    "
"405","Revisioning Buddhism","19","314","edit","1","2025-04-27 23:43:49",\N,"edit    "
"406","Dependent origination Dependent liberation","19","315","9789557655079","1","2025-04-27 23:44:55",\N,"edit"
"407","Dependent Origgination","19","112","edit","1","2025-04-27 23:45:52",\N,"edit    "
"408","Fighting for freedom within","19","316","edit","1","2025-04-27 23:46:51",\N,"edit    "
"409","A taste of freedom ","19","26","edit","1","2025-04-27 23:48:02",\N,"edit    "
"410","Simple teachings on higher truths","19","317","9789746609982","1","2025-04-27 23:49:30",\N,"edit"
"411","The dhamma way","19","318","9789810737061","1","2025-04-27 23:50:23",\N,"edit    "
"412","The Venerable phra acharn mun bhuridatta thera","19","319","edit","1","2025-04-27 23:52:01",\N,"edit    "
"413","Reflection","104","320","","0","2025-04-27 23:52:42",\N,""
"414","Mindfulness the path to the deathlessness","3","121","edit","1","2025-04-27 23:55:46",\N,"edit"
"415","Questions and answers with Ajahn sumedo  ","19","321","1870205081","3","2025-04-27 23:57:03",\N,"edit    "
"416","The world and the heart","19","49","9789744967404","1","2025-04-27 23:58:00",\N,"edit    "
"417","Dependent arising","19","322","9789556634235","1","2025-04-27 23:59:15",\N,"edit    "
"418","The five precepts and the five ennoblers","19","323","edit","1","2025-04-28 00:01:05",\N,"edit    "
"419","The power of mindfulness","3","324","9552400023","1","2025-04-28 00:02:06",\N,"edit"
"420","Sotapattimagga: The path of the sothapanna","3","132","edit","1","2025-04-28 04:54:59",\N,"edit    "
"421","With a recelus monk living in the jungle of Sripada","19","325","9789555363419","1","2025-04-28 07:54:43",\N,"edit    "
"422","Investigating Avijja","19","326","9786169001508","1","2025-04-28 07:56:00",\N,"edit    "
"423","The imitation of buddha","22","327","8120612477","1","2025-04-28 07:57:18",\N,"edit"
"424","Gratitude to parents","19","72","edit","1","2025-04-28 07:57:57",\N,"edit    "
"425","In this life it self","19","328","9551569020","1","2025-04-28 07:59:08",\N,"edit    "
"426","Beautiful living: Buddha's way to prosperity wisdom and inner peace","19","329","0977243304","1","2025-04-28 08:01:11",\N,"edit    "
"427","A life of inner quality","19","330","edit","1","2025-04-28 08:02:32",\N,"edit    "
"428","In this very life: The liberation teachings of the buddha ","19","331","9552400945","1","2025-04-28 08:03:49",\N,"edit    "
"429","Just seeing: insight meditation and sense perception ","19","332","9789552403200","1","2025-04-28 08:05:45",\N,"edit    "
"430","The Buddha and his teachings ","19","333","edit","1","2025-04-28 08:08:48",\N,"edit    "
"431","Bhahma Net Sutra","104","100","edit","1","2025-04-28 08:09:58",\N,"edit    "
"432","The ballad of liberation from the khandhas","19","334","edit","1","2025-04-28 08:12:08",\N,"edit    "
"433","Reading the mind","19","335","edit","1","2025-04-28 08:12:59",\N,"edit    "
"434","Dighajanu","19","336","9786249696709","1","2025-04-28 08:13:57",\N,"edit    "
"435","A Heart released","19","337","edit","1","2025-04-28 08:15:27",\N,"edit    "
"436","Snow in the summer ","19","338","edit","1","2025-04-28 08:16:02",\N,"edit    "
"437","Awareness It Self ","162","186","edit","1","2025-04-28 08:17:01",\N,"edit    "
"438","Rude awakenings: Part 1","163","339","edit","1","2025-04-28 08:18:19",\N,"edit"
"439","Contemplation on the seven factors of awakening ","19","340","9781908444219","1","2025-04-28 08:19:50",\N,"edit    "
"440","The Flavour of dhamma","164","341","edit","1","2025-04-28 08:21:39",\N,"edit    "
"441","Entering the stream dhamma","19","342","edit","1","2025-04-28 08:22:44",\N,"edit    "
"442","What is the triple gem ","19","343","edit","1","2025-04-28 08:23:39",\N,"edit    "
"443","The four noble truths","19","72","1870205103","1","2025-04-28 08:24:24",\N,"edit    "
"444","Abhidharmartha pradipika 4","19","344","edit","4","2025-04-28 08:25:27",\N,"edit    "
"445","Sinhala Vishuddhi Margaya","19","345","edit","1","2025-04-28 08:27:13",\N,"edit    "
"446","Fistful of sand","19","346","edit","1","2025-04-28 08:28:08",\N,"edit    "
"447","In simple terms ","165","76","edit","1","2025-04-28 08:28:57",\N,"edit    "
"448","The wonderful noble uposathaya: based on visaka sutta","19","347","edit","1","2025-04-28 08:30:37",\N,"edit"
"449","The sansoni report on the TULF and Tigers","104","348","edit","1","2025-04-28 08:32:08",\N,"edit    "
"450","Bild the village and you bild the country","116","349","edit","1","2025-04-28 08:33:21",\N,"edit"
"451","Some impressions of Sri Lanka ","116","350","edit","1","2025-04-28 08:34:28",\N,"edit    "
"452","Peace and Dignity for all","166","351","edit","1","2025-04-28 08:37:08",\N,"edit    "
"453","Facts of life ","19","4","edit","1","2025-04-28 08:37:44",\N,"edit    "
"454","The story man ","120","352","edit","1","2025-04-28 08:38:36",\N,"edit"
"455","MAhadanamuththa and Andare ","167","353","edit","1","2025-04-28 08:39:27",\N,"edit"
"456","Sri Lanka the truth about discrimination Agains the Tamil","120","354","edit","1","2025-04-28 08:41:22",\N,"edit"
"457","Let us tread the path of nonviolence to peace","19","355","edit","1","2025-04-28 08:42:41",\N,"edit"
"458","Towards and inner peace ","19","356","edit","1","2025-04-28 08:43:30",\N,"edit"
"459","With a recluse monk living in the jungle of Sripada ","19","357","9789555363402","1","2025-04-28 08:44:35",\N,"edit    "
"460","From topsy turvydom to Wisdom ","19","64","9551255003","1","2025-04-28 08:45:32",\N,"edit"
"461","Seeing through: A guide to insight meditation ","3","64","edit","1","2025-04-28 08:46:23",\N,"edit    "
"462","Niwana oba langamaya","19","358","edit","1","2025-05-01 23:43:29",\N,"edit    "
"463","Dharma vinishchaya","19","142","9558663220","1","2025-05-01 23:44:08",\N,"edit    "
"464","Chalana chithraya","19","359","9559886436","1","2025-05-01 23:44:47",\N,"edit"
"465","Pahan kanuwa deshana","19","64","edit","1","2025-05-01 23:45:14",\N,"edit"
"466","Food for the thinking mind","3","360","edit","1","2025-05-01 23:46:08",\N,"edit    "
"467","Sakmane niwana","19","64","9789553962102","1","2025-05-01 23:46:43",\N,"edit"
"468","Samawathaka samaya","19","361","edit","1","2025-05-01 23:47:23",\N,"edit    "
"469","Kaya anuwa giya sihiya","3","64","9551255038","1","2025-05-01 23:47:54",\N,"edit    "
"470","Insight in to the truth","19","362","edit","3","2025-05-01 23:48:55","2025-05-02 00:01:07","edit"
"471","Maha Si Vipassana bhawana kramaya","3","126","edit","1","2025-05-01 23:49:40",\N,"edit    "
"472","Maha si Vipassana Bhawana kramaya","3","169","edit","1","2025-05-01 23:50:38",\N,"edit"
"473","Patthana niddesawaraya","3","363","edit","1","2025-05-01 23:51:18",\N,"edit    "
"474","Budu dahame Adyathmaya","19","45","9558414220","1","2025-05-01 23:57:22",\N,"edit    "
"475","Meditation ","3","362","97895567127730","1","2025-05-01 23:58:12",\N,"edit"
"476","The autobiography of Phra Ajaan Lee","81","53","edit","2","2025-05-01 23:59:34","2025-05-02 00:00:41","edit"
"477","Sabbasawa Sutta","19","256","9789555165907","1","2025-05-02 00:00:26",\N,"edit"
"478","Ten Ferfections ","19","362","9559767704","1","2025-05-02 00:02:25",\N,"edit    "
"479","Awareness itself","19","186","edit","1","2025-05-02 00:03:09",\N,"edit    "
"480","Samma Sambuddho","19","362","edit","1","2025-05-02 00:03:49",\N,"edit"
"481","Voice of Dhamma","19","364","edit","1","2025-05-02 00:06:55",\N,"edit    "
"482","Ancient Wisdom Modern World","19","52","0349112541","1","2025-05-02 00:07:52",\N,"edit"
"483","The book of Mormon","120","365","edit","1","2025-05-02 00:09:12",\N,"edit    "
"484","Living in peace ","19","366","9559801600","1","2025-05-02 00:10:00",\N,"edit"
"485","His holiness the Dalai lama","19","367","0002200457","2","2025-05-02 00:11:00","2025-05-02 00:12:18","edit    "
"486","Confuse from the heart ","168","368","9780330425353","1","2025-05-02 00:12:06",\N,"edit    "
"487","A Force for Good","19","369","24681097531","1","2025-05-02 00:13:38",\N,"edit    "
"488","Clarity of insight ","19","26","edit","1","2025-05-02 00:14:18",\N,"edit"
"489","The path to freedom ","19","370","0349115818","1","2025-05-02 00:15:12",\N,"edit"
"490","50 Ways to a healthy heart","120","371","0007116004","1","2025-05-02 00:16:32",\N,"edit"
"491","What is Buddhism ","19","372","edit","1","2025-05-02 00:17:34",\N,"edit    "
"492","An open heart practising compassion in everyday life","19","213","9781444735246","1","2025-05-02 00:18:48",\N,"edit"
"493","Sam's Story ","169","373","9558095095","1","2025-05-02 00:19:48",\N,"edit"
"494","Inner peace and happyness","19","374","0734404522","1","2025-05-02 00:20:54",\N,"edit"
"495","More stories retold from the mahawansa and chulawansa","19","375","9552101824","1","2025-05-02 00:22:24",\N,"edit    "
"496","You can live forever in paradise on earth ","19","376","edit","1","2025-05-02 00:23:46",\N,"edit    "
"497","Noble Strategy ","19","53","edit","1","2025-05-02 10:17:41",\N,"edit"
"498","A Life of inner quality","19","199","edit","1","2025-05-02 10:18:49",\N,"edit    "
"499","Kamma and the end of Kamma","19","38","edit","1","2025-05-02 10:19:39",\N,"edit    "
"500","Sri Lanka a house of common view","170","377","edit","1","2025-05-02 10:20:49",\N,"edit"
"501","Tale the letter tells ","171","349","edit","1","2025-05-02 10:21:36",\N,"edit"
"502","Sri Lanka not and indictment facts","170","349","edit","1","2025-05-02 10:22:21",\N,"edit"
"503","The facts","172","378","edit","2","2025-05-02 10:22:37","2025-05-02 10:22:54","edit"
"504","Sri Lanka beyond conflict","173","379","edit","1","2025-05-02 10:23:47",\N,"edit"
"505","Tamil terrorists","174","380","edit","1","2025-05-02 10:24:08",\N,"edit"
"506","Kohomba kankariya","104","381","edit","1","2025-05-02 10:24:57",\N,"edit    "
"507","The Rajawaliya ","175","382","edit","1","2025-05-02 10:26:55",\N,"edit    "
"508","The way of the Bodhisattva ","19","383","1570622531","1","2025-05-02 10:33:54",\N,"edit"
"509","Parittas","19","384","edit","1","2025-05-02 10:34:32",\N,"edit"
"510","Now is the knowing","19","72","edit","1","2025-05-02 10:35:07",\N,"edit    "
"511","The ways of the peaceful","19","385","edit","1","2025-05-02 10:36:15",\N,"edit    "
"512","No worries","19","386","edit","1","2025-05-02 10:36:43",\N,"edit    "
"513","Buddhism in a nutshell","19","387","edit","1","2025-05-02 10:37:29",\N,"edit"
"514","The science and the art of Buddhism ","19","388","9559758101","1","2025-05-02 10:38:21",\N,"edit    "
"515","Blueprint of free inquiry and personal verification ","19","389","edit","1","2025-05-02 10:39:59",\N,"edit    "
"516","The way to true happiness ","19","390","edit","1","2025-05-02 10:41:04",\N,"edit    "
"517","Touching the earth ","19","391","edit","1","2025-05-02 10:41:57",\N,"edit    "
"518","Living Dhamma ","19","162","edit","1","2025-05-02 10:42:30",\N,"edit"
"519","Buddhism today ","19","392","9839439812","1","2025-05-02 11:40:13",\N,"edit    "
"520","Human life and problems ","19","360","edit","1","2025-05-02 11:41:49",\N,"edit"
"521","A Buddhist reflects on bringing up children ","19","393","edit","1","2025-05-02 11:43:49",\N,"edit"
"522","The Buddha's ancient path ","19","31","edit","1","2025-05-02 11:44:36",\N,"edit    "
"523","Towards and inner peace ","19","169","edit","1","2025-05-02 11:45:47",\N,"edit    "
"524","Gratitude to parents ","19","394","edit","1","2025-05-02 11:46:35",\N,"edit"
"525","Ummagga Jathakaya","19","395","9789555707381","1","2025-05-04 23:28:03",\N,"edit    "
"526","The Way to nibbana","19","396","9679920321","1","2025-05-04 23:29:05","2025-05-04 23:31:11","edit    "
"527","A Manual of Buddhism","19","17","9679920585","1","2025-05-04 23:30:02",\N,"edit"
"528","Clarity of insight","19","26","edit","1","2025-05-04 23:31:43",\N,"edit    "
"529","This is the path","19","397","edit","1","2025-05-04 23:32:53",\N,"edit    "
"530","The natural character of awakening","19","398","edit","1","2025-05-04 23:34:18",\N,"edit    "
"531","Awreness Itself ","19","399","edit","1","2025-05-04 23:35:27",\N,"edit"
"532","Do you believe in rebirth ","19","22","edit","1","2025-05-04 23:36:24",\N,"edit"
"533","why warry","19","400","edit","1","2025-05-04 23:36:47",\N,"edit"
"534","Anantha Lakkhana Sutta: Teachings on the non self characteristic","19","401","edit","1","2025-05-04 23:38:40",\N,"edit"
"535","The triple gem and the way to social harmony","19","402","edit","1","2025-05-04 23:39:45",\N,"edit"
"536","Citta viveka Teachings from the silant mind ","3","72","edit","1","2025-05-04 23:40:57",\N,"edit"
"537","Buddhism a living message","19","31","edit","1","2025-05-04 23:44:45",\N,"edit"
"538","Refuge","19","53","edit","2","2025-05-04 23:45:21",\N,"edit"
"539","Gratitude ","19","403","edit","1","2025-05-04 23:46:05",\N,"edit    "
"540","Recolection of Ajahn cha ","19","26","9781870205658","1","2025-05-04 23:46:47",\N,"edit    "
"541","Buddho ","176","404","edit","1","2025-05-04 23:47:51",\N,"edit    "
"542","Buddhism for beginners: The life of the Buddha ","19","17","9789556331296","1","2025-05-04 23:48:49",\N,"edit    "
"543","Light of wisdom: Meditation in Pa Auk Forest Monastery ","3","405","edit","1","2025-05-05 00:00:55",\N,"edit"
"544","Towards and Inner peace ","19","406","edit","1","2025-05-05 00:01:36",\N,"edit    "
"545","Only the world ends ","19","407","edit","1","2025-05-05 00:02:46",\N,"edit"
"546","Friends on the path ","19","408","9781870205245","1","2025-05-05 00:03:51",\N,"edit    "
"547","What is the triple gem","19","409","edit","1","2025-05-05 00:05:04",\N,"edit"
"548","wat Buddha Damma Precents: This is the Path","19","410","edit","1","2025-05-05 00:06:21",\N,"edit    "
"549","To the last breath: Dhamma talks on living and dying","19","411","9748877388","1","2025-05-05 00:08:37",\N,"edit"
"550","A Collection of Buddhist Wisdom Verses","19","44","edit","1","2025-05-05 00:09:58",\N,"edit    "
"551","Meth sithe vimukthiya ","3","412","9789551255435","1","2025-05-05 00:11:00",\N,"edit"
"552","Towards a better world","19","64","9551255046","1","2025-05-05 00:11:51",\N,"edit    "
"553","Advantages of chanting and how to practice vipassana meditation ","3","413","9748239764","1","2025-05-05 00:13:23",\N,"edit"
"554","A Guide to walking meditation ","3","414","edit","1","2025-05-05 00:14:13",\N,"edit    "
"555","Curbing anger spreading love","19","415","edit","1","2025-05-05 00:15:30",\N,"edit"
"556","Seen the way ","19","416","9780956811325","1","2025-05-05 00:16:16",\N,"edit    "
"557","How to live without fear and warry","19","22","9679920488","1","2025-05-05 00:17:20",\N,"edit"
"558","Community and responsibility: Buddhist reflection on right living ","19","113","047302327x","1","2025-05-05 00:18:53",\N,"edit    "
"559","The Buddhist doctrine of life after death ","19","31","edit","1","2025-05-05 00:19:53",\N,"edit    "
"560","Present moment wonderful moment ","19","417","8276210064","1","2025-05-05 00:21:15",\N,"edit"
"561","The skill of release ","19","418","edit","1","2025-05-05 00:21:59",\N,"edit"
"562","A Manual of self awareness ","19","419","edit","1","2025-05-05 00:23:07",\N,"edit    "
"563","Cutting off the stream ","19","420","974956605x","1","2025-05-05 00:24:21",\N,"edit"
